{"r2": 0.9548312826093164, "mse": 22938667.291601617, "mae": 2547.611069877374}