{"r2": 0.950524146590192, "mse": 26021098.0, "mae": 2666.1826171875}