{"r2": 0.9880935100020913, "mse": 6505080.3596236715, "mae": 1002.0931343266471}