{"r2": 0.9906132283705702, "mse": 5063638.23436906, "mae": 991.4265304434365}