{"r2": 0.9336766654301911, "mse": 36192745.182635315, "mae": 3504.1574358010275}