{"r2": 0.9369618461970597, "mse": 35525936.0, "mae": 3036.5947265625}