{"r2": 0.9462323151274471, "mse": 28536693.98482017, "mae": 2941.273308246477}