{"r2": 0.9415335766346282, "mse": 31357135.35947805, "mae": 2719.9987244300382}