{"r2": 0.9482060891937693, "mse": 28193302.0, "mae": 2771.428466796875}