{"r2": 0.8921862254898056, "mse": 56708555.385572374, "mae": 3618.9534536542324}